Image,target
96.jpg,1
163.jpg,2
450.jpg,3
219.jpg,4
455.jpg,3
46.jpg,5
326.jpg,6
408.jpg,7
365.jpg,6
422.jpg,7
397.jpg,7
400.jpg,7
32.jpg,5
350.jpg,6
234.jpg,4
492.jpg,3
333.jpg,6
376.jpg,7
103.jpg,1
39.jpg,5
87.jpg,1
155.jpg,2
388.jpg,7
384.jpg,7
248.jpg,8
494.jpg,3
47.jpg,5
488.jpg,3
462.jpg,3
347.jpg,6
242.jpg,4
16.jpg,5
178.jpg,4
348.jpg,6
164.jpg,2
2.jpg,5
141.jpg,2
187.jpg,4
464.jpg,3
472.jpg,3
489.jpg,3
387.jpg,7
109.jpg,1
255.jpg,8
274.jpg,8
509.jpg,3
19.jpg,5
102.jpg,1
24.jpg,5
294.jpg,8
501.jpg,3
335.jpg,6
321.jpg,6
480.jpg,3
393.jpg,7
344.jpg,6
259.jpg,8
76.jpg,1
343.jpg,6
4.jpg,5
486.jpg,3
361.jpg,6
90.jpg,1
231.jpg,4
331.jpg,6
243.jpg,4
104.jpg,1
113.jpg,2
21.jpg,5
15.jpg,5
370.jpg,6
124.jpg,2
241.jpg,4
56.jpg,5
296.jpg,8
81.jpg,1
29.jpg,5
423.jpg,7
445.jpg,3
406.jpg,7
116.jpg,2
407.jpg,7
118.jpg,2
367.jpg,6
30.jpg,5
395.jpg,7
265.jpg,8
73.jpg,1
277.jpg,8
122.jpg,2
516.jpg,3
377.jpg,7
513.jpg,3
405.jpg,7
172.jpg,2
299.jpg,8
149.jpg,2
165.jpg,2
371.jpg,6
18.jpg,5
213.jpg,4
303.jpg,8
353.jpg,6
135.jpg,2
481.jpg,3
3.jpg,5
329.jpg,6
345.jpg,6
443.jpg,7
504.jpg,3
12.jpg,5
74.jpg,1
185.jpg,4
161.jpg,2
309.jpg,8
205.jpg,4
379.jpg,7
82.jpg,1
276.jpg,8
154.jpg,2
254.jpg,8
26.jpg,5
181.jpg,4
425.jpg,7
131.jpg,2
272.jpg,8
117.jpg,2
252.jpg,8
180.jpg,4
142.jpg,2
261.jpg,8
136.jpg,2
85.jpg,1
88.jpg,1
372.jpg,6
279.jpg,8
313.jpg,6
159.jpg,2
483.jpg,3
262.jpg,8
519.jpg,3
308.jpg,8
211.jpg,4
497.jpg,3
325.jpg,6
169.jpg,2
244.jpg,8
474.jpg,3
322.jpg,6
94.jpg,1
314.jpg,6
356.jpg,6
22.jpg,5
512.jpg,3
182.jpg,4
156.jpg,2
289.jpg,8
25.jpg,5
436.jpg,7
93.jpg,1
336.jpg,6
225.jpg,4
298.jpg,8
214.jpg,4
27.jpg,5
342.jpg,6
273.jpg,8
133.jpg,2
168.jpg,2
409.jpg,7
459.jpg,3
31.jpg,5
468.jpg,3
434.jpg,7
312.jpg,8
383.jpg,7
476.jpg,3
334.jpg,6
151.jpg,2
166.jpg,2
227.jpg,4
471.jpg,3
267.jpg,8
100.jpg,1
446.jpg,3
208.jpg,4
293.jpg,8
297.jpg,8
412.jpg,7
58.jpg,5
288.jpg,8
105.jpg,1
477.jpg,3
502.jpg,3
418.jpg,7
233.jpg,4
134.jpg,2
197.jpg,4
245.jpg,8
176.jpg,2
203.jpg,4
247.jpg,8
493.jpg,3
68.jpg,1
442.jpg,7
115.jpg,2
357.jpg,6
389.jpg,7
218.jpg,4
263.jpg,8
184.jpg,4
315.jpg,6
295.jpg,8
42.jpg,5
427.jpg,7
287.jpg,8
430.jpg,7
359.jpg,6
249.jpg,8
54.jpg,5
305.jpg,8
319.jpg,6
496.jpg,3
60.jpg,5
37.jpg,5
192.jpg,4
304.jpg,8
258.jpg,8
364.jpg,6
49.jpg,5
144.jpg,2
7.jpg,5
98.jpg,1
223.jpg,4
320.jpg,6
70.jpg,1
426.jpg,7
84.jpg,1
44.jpg,5
177.jpg,2
50.jpg,5
417.jpg,7
191.jpg,4
221.jpg,4
500.jpg,3
428.jpg,7
137.jpg,2
195.jpg,4
413.jpg,7
228.jpg,4
478.jpg,3
123.jpg,2
369.jpg,6
328.jpg,6
1.jpg,5
126.jpg,2
503.jpg,3
352.jpg,6
120.jpg,2
452.jpg,3
339.jpg,6
266.jpg,8
201.jpg,4
229.jpg,4
402.jpg,7
381.jpg,7
449.jpg,3
107.jpg,1
444.jpg,3
327.jpg,6
8.jpg,5
451.jpg,3
77.jpg,1
148.jpg,2
399.jpg,7
130.jpg,2
362.jpg,6
310.jpg,8
79.jpg,1
127.jpg,2
237.jpg,4
257.jpg,8
160.jpg,2
52.jpg,5
190.jpg,4
382.jpg,7
143.jpg,2
199.jpg,4
282.jpg,8
207.jpg,4
403.jpg,7
337.jpg,6
355.jpg,6
251.jpg,8
188.jpg,4
338.jpg,6
341.jpg,6
433.jpg,7
69.jpg,1
236.jpg,4
106.jpg,1
99.jpg,1
179.jpg,4
204.jpg,4
300.jpg,8
432.jpg,7
490.jpg,3
368.jpg,6
153.jpg,2
174.jpg,2
51.jpg,5
62.jpg,5
420.jpg,7
75.jpg,1
230.jpg,4
307.jpg,8
212.jpg,4
209.jpg,4
415.jpg,7
491.jpg,3
453.jpg,3
351.jpg,6
111.jpg,1
391.jpg,7
515.jpg,3
65.jpg,5
240.jpg,4
91.jpg,1
222.jpg,4
53.jpg,5
158.jpg,2
475.jpg,3
121.jpg,2
396.jpg,7
63.jpg,5
268.jpg,8
78.jpg,1
167.jpg,2
250.jpg,8
454.jpg,3
186.jpg,4
499.jpg,3
101.jpg,1
435.jpg,7
469.jpg,3
139.jpg,2
83.jpg,1
43.jpg,5
281.jpg,8
36.jpg,5
419.jpg,7
66.jpg,5
260.jpg,8
466.jpg,3
140.jpg,2
5.jpg,5
10.jpg,5
235.jpg,4
511.jpg,3
72.jpg,1
253.jpg,8
404.jpg,7
89.jpg,1
311.jpg,8
